2,www.google.com
3,microsoft.com
4,netflix.com
5,cloud.netflix.com
6,prod.cloud.netflix.com
7,data.microsoft.com
8,ftl.netflix.com
9,prod.ftl.netflix.com
10,nrdp.prod.cloud.netflix.com
11,events.data.microsoft.com
12,safebrowsing.googleapis.com
13,live.com
14,doubleclick.net
15,nrdp-ipv6.prod.ftl.netflix.com
16,g.doubleclick.net
17,windowsupdate.com
18,apple.com
19,ctldl.windowsupdate.com
20,clientservices.googleapis.com
21,netflix.net
22,partner.netflix.net
23,prod.partner.netflix.net
24,preapp.prod.partner.netflix.net
25,googleusercontent.com
26,google-analytics.com
27,play.google.com
28,microsoftonline.com
29,login.microsoftonline.com
30,facebook.com
31,www.googleapis.com
32,settings-win.data.microsoft.com
33,amazonaws.com
34,bing.com
35,www.google-analytics.com
36,officeapps.live.com
37,office.com
38,update.googleapis.com
39,googleads.g.doubleclick.net
40,fonts.googleapis.com
41,self.events.data.microsoft.com
42,digicert.com
43,office365.com
44,icloud.com
45,lencr.org
46,itunes.apple.com
47,skype.com
48,mtalk.google.com
49,ocsp.digicert.com
50,akadns.net
51,googletagmanager.com
52,www.googletagmanager.com
53,outlook.office365.com
54,com.akadns.net
55,ls.apple.com
56,youtube.com
57,nexusrules.officeapps.live.com
58,apple-dns.net
59,akamaiedge.net
60,mp.microsoft.com
61,optimizationguide-pa.googleapis.com
62,fe.apple-dns.net
63,clients4.google.com
64,office.net
65,content-autofill.googleapis.com
66,ichnaea.netflix.com
67,teams.microsoft.com
68,msn.com
69,www.bing.com
70,smartscreen-prod.microsoft.com
71,lh3.googleusercontent.com
72,gateway.icloud.com
73,adservice.google.com
74,gateway.fe.apple-dns.net
75,stats.g.doubleclick.net
76,edge.microsoft.com
77,accounts.google.com
78,aaplimg.com
79,play.googleapis.com
80,outlook.office.com
81,init.itunes.apple.com
82,login.live.com
83,edge.skype.com
84,config.teams.microsoft.com
85,config.edge.skype.com
86,prod.netflix.com
87,push.prod.netflix.com
88,googlesyndication.com
89,push.apple.com
90,g.aaplimg.com
91,msedge.net
92,v10.events.data.microsoft.com
93,c.lencr.org
94,x1.c.lencr.org
95,www.youtube.com
96,apis.google.com
97,clients6.google.com
98,graph.microsoft.com
99,pki.goog
100,yahoo.com
101,dsp.mp.microsoft.com
102,substrate.office.com
103,pagead2.googlesyndication.com
104,ocsp.pki.goog
105,time.apple.com
106,windows.net
107,app-measurement.com
108,do.dsp.mp.microsoft.com
109,prod.do.dsp.mp.microsoft.com
110,www.facebook.com
111,ytimg.com
112,i.ytimg.com
113,sharepoint.com
114,cdn.office.net
115,roaming.officeapps.live.com
116,aria.microsoft.com
117,pipe.aria.microsoft.com
118,gvt1.com
119,ecs.office.com
120,dsce9.akamaiedge.net
121,opendns.com
122,presence.teams.microsoft.com
123,windows.com
124,docs.google.com
125,cloudflare.com
126,business.bing.com
127,api.msn.com
128,graph.facebook.com
129,edgedl.me.gvt1.com
130,me.gvt1.com
131,browser.pipe.aria.microsoft.com
132,outlook.com
133,googleadservices.com
134,teams.events.data.microsoft.com
135,time.g.aaplimg.com
136,smartscreen.microsoft.com
137,clients2.google.com
138,assets.msn.com
139,bag.itunes.apple.com
140,tpc.googlesyndication.com
141,ogs.google.com
142,lh5.googleusercontent.com
143,facebook.net
144,connect.facebook.net
145,e673.dsce9.akamaiedge.net
146,weather-data.apple.com
147,scorecardresearch.com
148,signaler-pa.clients6.google.com
149,measure.office.com
150,gvt2.com
151,sb.scorecardresearch.com
152,amazon.com
153,fp.measure.office.com
154,ic3.events.data.microsoft.com
155,akamai.net
156,core.windows.net
157,configuration.ls.apple.com
158,www.googleadservices.com
159,delve.office.com
160,ess.apple.com
161,gsp-ssl.ls.apple.com
162,loki.delve.office.com
163,instagram.com
164,blob.core.windows.net
165,gcp.gvt2.com
166,activity.windows.com
167,res.office365.com
168,mesu.apple.com
169,trouter.teams.microsoft.com
170,upload.fp.measure.office.com
171,addons-pa.clients6.google.com
172,fbcdn.net
173,beacons.gcp.gvt2.com
174,storage.live.com
175,ad.doubleclick.net
176,adnxs.com
177,googlevideo.com
178,smoot.apple.com
179,demdex.net
180,r4.res.office365.com
181,mail.google.com
182,safebrowsing.google.com
183,iphone-ld.apple.com
184,googletagservices.com
185,www.googletagservices.com
186,gs-loc.apple.com
187,itunes-apple.com.akadns.net
188,ocsp2.apple.com
189,amazon-adsystem.com
190,akamaized.net
191,securepubads.g.doubleclick.net
192,apple.com.akadns.net
193,nr-data.net
194,delivery.mp.microsoft.com
195,twitter.com
196,safebrowsing.apple
197,clients3.google.com
198,ggpht.com
199,dpm.demdex.net
200,cdnjs.cloudflare.com
201,msg.teams.microsoft.com
202,ng.msg.teams.microsoft.com
203,amazontrust.com
204,xx.fbcdn.net
205,guzzoni.apple.com
206,bam.nr-data.net
207,azure.com
208,clients.google.com
209,android.clients.google.com
210,id.google.com
211,msftconnecttest.com
212,ib.adnxs.com
213,rubiconproject.com
214,cm.g.doubleclick.net
215,pubmatic.com
216,officeclient.microsoft.com
217,enterprise.activity.windows.com
218,arc.msn.com
219,adsrvr.org
220,xp.apple.com
221,yt3.ggpht.com
222,rlcdn.com
223,linkedin.com
224,casalemedia.com
225,update.microsoft.com
226,edge-mqtt.facebook.com
227,fpc.msedge.net
228,analytics.yahoo.com
229,init.push.apple.com
230,v20.events.data.microsoft.com
231,beacons.gvt2.com
232,www.msftconnecttest.com
233,ls-apple.com.akadns.net
234,browser.events.data.microsoft.com
235,sca1b.amazontrust.com
236,measure.office.net
237,l.google.com
238,c10r.facebook.com
239,manage.microsoft.com
240,odc.officeapps.live.com
241,nel.measure.office.net
242,weather-edge.apple.com
243,ocsp.sca1b.amazontrust.com
244,osi.office.net
245,web.facebook.com
246,checkappexec.microsoft.com
247,c.bing.com
248,gsp85-ssl.ls.apple.com
249,android.googleapis.com
250,weather.microsoft.com
251,2mdn.net
252,fe3cr.delivery.mp.microsoft.com
253,bidswitch.net
254,origin-apple.com.akadns.net
255,snapchat.com
256,newrelic.com
257,amer.ng.msg.teams.microsoft.com
258,criteo.com
259,nrdp52-appboot.netflix.com
260,jnn-pa.googleapis.com
261,3lift.com
262,peoplestackwebexperiments-pa.clients6.google.com
263,go.microsoft.com
264,openx.net
265,s0.2mdn.net
266,azureedge.net
267,ssl.google-analytics.com
268,tile-service.weather.microsoft.com
269,fastly.net
270,aa.google.com
271,pancake.apple.com
272,protection.outlook.com
273,www.microsoft.com
274,safeframe.googlesyndication.com
275,peoplestack-pa.clients6.google.com
276,ade.googlesyndication.com
277,umbrella.com
278,ocws.officeapps.live.com
279,launchdarkly.com
280,dns.opendns.com
281,whatsapp.net
282,ups.analytics.yahoo.com
283,sentry.io
284,safesearch.googleapis.com
285,dns.umbrella.com
286,graph.instagram.com
287,x.bidswitch.net
288,www.apple.com
289,ajax.googleapis.com
290,s.amazon-adsystem.com
291,msftncsi.com
292,play-fe.googleapis.com
293,o.lencr.org
294,adobe.com
295,mask.icloud.com
296,proxy.safebrowsing.apple
297,moatads.com
298,firebaselogging-pa.googleapis.com
299,nleditor.osi.office.net
300,mzstatic.com
301,c.amazon-adsystem.com
302,googleads4.g.doubleclick.net
303,drive.google.com
304,asyncgw.teams.microsoft.com
305,adobe.io
306,i.instagram.com
307,gateway.facebook.com
308,fcmconnection.googleapis.com
309,r3.o.lencr.org
310,licdn.com
311,static.doubleclick.net
312,inappcheck.itunes.apple.com
313,beacons2.gvt2.com
314,contacts.google.com
315,youtubei.googleapis.com
316,secure.netflix.com
317,metrics.icloud.com
318,apple.news
319,cdn-apple.com
320,c.apple.news
321,trafficmanager.net
322,js-agent.newrelic.com
323,acdc-direct.office.com
324,bluekai.com
325,us-v20.events.data.microsoft.com
326,beacons3.gvt2.com
327,pixel.rubiconproject.com
328,idsync.rlcdn.com
329,cloudapp.azure.com
330,lh6.googleusercontent.com
331,beacons4.gvt2.com
332,agkn.com
333,m.google.com
334,tools.google.com
335,lh4.googleusercontent.com
336,star.c10r.facebook.com
337,init.ess.apple.com
338,img-s-msn-com.akamaized.net
339,quantserve.com
340,nam.loki.delve.office.com
341,tapad.com
342,taboola.com
343,asm.skype.com
344,everesttech.net
345,autodiscover-s.outlook.com
346,ocsp2-lb.apple.com.akadns.net
347,media.net
348,ampproject.org
349,match.adsrvr.org
350,cdn.ampproject.org
351,eb2.3lift.com
352,teams.cdn.office.net
353,statics.teams.cdn.office.net
354,chromereporting-pa.googleapis.com
355,dns.msftncsi.com
356,ads.linkedin.com
357,res.cdn.office.net
358,gateway.instagram.com
359,mathtag.com
360,dataservice.protection.outlook.com
361,v.aaplimg.com
362,smartadserver.com
363,maps.googleapis.com
364,dscx.akamaiedge.net
365,adsafeprotected.com
366,bat.bing.com
367,geo.prod.do.dsp.mp.microsoft.com
368,atm-fp-direct.office.com
369,px.ads.linkedin.com
370,jsdelivr.net
371,gspe79-ssl.ls.apple.com
372,spotify.com
373,ntp.org
374,pool.ntp.org
375,cdn.jsdelivr.net
376,espresso-pa.clients6.google.com
377,storage.googleapis.com
378,licensing.mp.microsoft.com
379,analytics.google.com
380,sfx.ms
381,doubleverify.com
382,us-prod.asyncgw.teams.microsoft.com
383,kt-prod.ess.apple.com
384,oneclient.sfx.ms
385,play.itunes.apple.com
386,oauthaccountmanager.googleapis.com
387,init-p01md.apple.com
388,ybp.yahoo.com
389,nflxso.net
390,cookielaw.org
391,cdn.cookielaw.org
392,1.nflxso.net
393,typekit.net
394,gmail.com
395,wd.microsoft.com
396,play-lh.googleusercontent.com
397,gum.criteo.com
398,api.smoot.apple.com
399,appsflyer.com
400,sharethrough.com
401,sectigo.com
402,cp.wd.microsoft.com
403,z.moatads.com
404,crwdcntrl.net
405,res-1.cdn.office.net
406,slscr.update.microsoft.com
407,configuration.apple.com
408,e10499.dsce9.akamaiedge.net
409,gspe35-ssl.ls.apple.com
410,us-u.openx.net
411,userstore.skype.com
412,api.userstore.skype.com
413,imasdk.googleapis.com
414,use.typekit.net
415,us-west-2.amazonaws.com
416,clients1.google.com
417,ow1.res.office365.com
418,nel.cloudflare.com
419,a.nel.cloudflare.com
420,cdn.doubleverify.com
421,g.live.com
422,pixel.tapad.com
423,cdninstagram.com
424,ssum-sec.casalemedia.com
425,akamaihd.net
426,www.amazon.com
427,suite.office.com
428,webshell.suite.office.com
429,augloop.office.com
430,config.office.net
431,clients.config.office.net
432,tiktokv.com
433,criteo.net
434,lijit.com
435,secure.adnxs.com
436,dotomi.com
437,hbopenbid.pubmatic.com
438,pr-bh.ybp.yahoo.com
439,crashlytics.com
440,nelreports.net
441,token.safebrowsing.apple
442,aa.agkn.com
443,ingest.sentry.io
444,fastlane.rubiconproject.com
445,pubads.g.doubleclick.net
446,edgesuite.net
447,gsp64-ssl.ls.apple.com
448,us-east-1.elb.amazonaws.com
449,outbrain.com
450,ads.pubmatic.com
451,us-api.asm.skype.com
452,bidr.io
453,ha.office365.com
454,outlook.ha.office365.com
455,scontent.xx.fbcdn.net
456,yimg.com
457,prod.bidr.io
458,1rx.io
459,notifications-pa.googleapis.com
460,s.yimg.com
461,adsymptotic.com
462,p.adsymptotic.com
463,sync.mathtag.com
464,content.office.net
465,people-pa.clients6.google.com
466,waconatm.officeapps.live.com
467,entrust.net
468,support.content.office.net
469,mesu-cdn.origin-apple.com.akadns.net
470,virtualearth.net
471,pinterest.com
472,waconafd.officeapps.live.com
473,g.whatsapp.net
474,px.moatads.com
475,adform.net
476,ocsp.entrust.net
477,krxd.net
478,t.co
479,com.edgesuite.net
480,tps.doubleverify.com
481,liadm.com
482,htlb.casalemedia.com
483,ocsp.sectigo.com
484,adobedtm.com
485,dev.virtualearth.net
486,assets.adobedtm.com
487,tremorhub.com
488,api.snapchat.com
489,id5-sync.com
490,zemanta.com
491,match.prod.bidr.io
492,stags.bluekai.com
493,apps.apple.com
494,firebaseremoteconfig.googleapis.com
495,bootstrapcdn.com
496,spotxchange.com
497,search.spotxchange.com
498,aax-dtb-cf.amazon-adsystem.com
499,init-cdn.itunes-apple.com.akadns.net
500,imap.gmail.com
501,fls.doubleclick.net
502,nav-edge.smartscreen.microsoft.com
503,icloud-content.com
504,contextweb.com
505,engagement.office.com
506,messaging.engagement.office.com
507,cc-api-data.adobe.io
508,wg.spotify.com
509,spclient.wg.spotify.com
510,pendo.io
511,tags.bluekai.com
512,mqtt.c10r.facebook.com
513,flightproxy.teams.microsoft.com
514,dsum-sec.casalemedia.com
515,match.sharethrough.com
516,cdp.microsoft.com
517,api.cdp.microsoft.com
518,msedge.api.cdp.microsoft.com
519,appcenter.ms
520,dt.adsafeprotected.com
521,events.launchdarkly.com
522,bh.contextweb.com
523,sync.1rx.io
524,sitescout.com
525,msgr-latest.c10r.facebook.com
526,analytics.twitter.com
527,apps.mzstatic.com
528,csp.withgoogle.com
529,turn.com
530,firebaseinstallations.googleapis.com
531,pinimg.com
532,people-pa.googleapis.com
533,dl.delivery.mp.microsoft.com
534,contextual.media.net
535,beacon.krxd.net
536,omtrdc.net
537,in.appcenter.ms
538,msftauth.net
539,p.typekit.net
540,cisco.com
541,fbs.smoot.apple.com
542,firebase-settings.crashlytics.com
543,inbox.google.com
544,eus.rubiconproject.com
545,tlx.3lift.com
546,id.rlcdn.com
547,classroom.google.com
548,inappcheck-lb.itunes-apple.com.akadns.net
549,media-amazon.com
550,teads.tv
551,i.liadm.com
552,indexww.com
553,addthis.com
554,360yield.com
555,b1sync.zemanta.com
556,android.apis.google.com
557,edgekey.net
558,tlu.dl.delivery.mp.microsoft.com
559,m.media-amazon.com
560,static.adsafeprotected.com
561,fontawesome.com
562,hotjar.com
563,lh3.google.com
564,ssp.yahoo.com
565,nexus.officeapps.live.com
566,go-mpulse.net
567,sync-tm.everesttech.net
568,clientstream.launchdarkly.com
569,ping-edge.smartscreen.microsoft.com
570,sync.search.spotxchange.com
571,branch.io
572,braze.com
573,bugsnag.com
574,cloudflare.net
575,verisign.com
576,acdn.adnxs.com
577,launches.appsflyer.com
578,cdn.cloudflare.net
579,gcp.api.snapchat.com
580,mask-api.icloud.com
581,image8.pubmatic.com
582,oauth2.googleapis.com
583,pixel-sync.sitescout.com
584,dds.microsoft.com
585,onetrust.com
586,guzzoni-apple-com.v.aaplimg.com
587,uci.cdn.office.net
588,gsp-ssl.ls-apple.com.akadns.net
589,tiktokcdn.com
590,smp-device-content.apple.com
591,ap.lijit.com
592,www.linkedin.com
593,js-sec.indexww.com
594,ads-twitter.com
595,static.ads-twitter.com
596,x2.c.lencr.org
597,trustarc.com
598,api.flightproxy.teams.microsoft.com
599,insight.adsrvr.org
600,exo.nel.measure.office.net
601,us.tiktokv.com
602,pixel.adsafeprotected.com
603,smaato.net
604,mrodevicemgr.officeapps.live.com
605,static.hotjar.com
606,tiktok.com
607,android.com
608,d.agkn.com
609,ad.smaato.net
610,c.go-mpulse.net
611,rtb-csync.smartadserver.com
612,news-edge.apple.com
613,yieldmo.com
614,aws.api.snapchat.com
615,c.msn.com
616,stackadapt.com
617,c1.adform.net
618,srv.stackadapt.com
619,ci3.googleusercontent.com
620,api2.branch.io
621,l.googleusercontent.com
622,gspe1-ssl.ls.apple.com
623,cl3.apple.com
624,w55c.net
625,download.windowsupdate.com
626,chat.google.com
627,twimg.com
628,aws-proxy-gcp.api.snapchat.com
629,creativecdn.com
630,pixel.quantserve.com
631,cms.quantserve.com
632,ads.yieldmo.com
633,trafficshaping.dsp.mp.microsoft.com
634,tsfe.trafficshaping.dsp.mp.microsoft.com
635,static.criteo.net
636,cloudsink.net
637,api.amazon.com
638,apple.com.edgesuite.net
639,crl.verisign.com
640,sc-cdn.net
641,truste.com
642,fe2cr.update.microsoft.com
643,relay.teams.microsoft.com
644,emxdgt.com
645,token.rubiconproject.com
646,ad.360yield.com
647,mask.apple-dns.net
648,jquery.com
649,stocks-sparkline.apple.com
650,us-east1-aws.api.snapchat.com
651,code.jquery.com
652,captive.apple.com
653,cc.skype.com
654,time.android.com
655,cs.dds.microsoft.com
656,setup.icloud.com
657,amplitude.com
658,lcdn-locator.apple.com
659,rtb0.doubleverify.com
660,imrworldwide.com
661,mb.moatads.com
662,33across.com
663,grammarly.io
664,live.net
665,image6.pubmatic.com
666,mobile.pipe.aria.microsoft.com
667,u.openx.net
668,trc.taboola.com
669,unitedstates.cp.wd.microsoft.com
670,stocks-data-service.apple.com
671,geo.moatads.com
672,app-analytics-v2.snapchat.com
673,clever.com
674,gs-loc-new.ls-apple.com.akadns.net
675,dis.criteo.com
676,us-central1-gcp.api.snapchat.com
677,simage2.pubmatic.com
678,rfihub.com
679,geolocation.onetrust.com
680,mixpanel.com
681,e6858.dscx.akamaiedge.net
682,optimizely.com
683,s.ad.smaato.net
684,msauth.net
685,maxcdn.bootstrapcdn.com
686,stickyadstv.com
687,bid.g.doubleclick.net
688,sonobi.com
689,go.sonobi.com
690,fna.fbcdn.net
691,choices.truste.com
692,com.cdn.cloudflare.net
693,snap.licdn.com
694,1-courier.push.apple.com
695,femetrics.grammarly.io
696,calendar.google.com
697,ads.stickyadstv.com
698,me.apple-dns.net
699,choices.trustarc.com
700,pbs.twimg.com
701,grammarly.com
702,crl3.digicert.com
703,data.msn.com
704,comodoca.com
705,events.data.msn.com
706,browser.events.data.msn.com
707,ntp.msn.com
708,mookie1.com
709,devicelistenerprod.microsoft.com
710,advertising.com
711,sync.srv.stackadapt.com
712,tiktokcdn-us.com
713,pippio.com
714,svc.ms
715,ecn-us.dev.virtualearth.net
716,goguardian.com
717,eastus.cloudapp.azure.com
718,p.rfihub.com
719,simpli.fi
720,visualstudio.com
721,script.hotjar.com
722,courier-push-apple.com.akadns.net
723,platform.twitter.com
724,wns.windows.com
725,sessions.bugsnag.com
726,quantcount.com
727,us-v10.events.data.microsoft.com
728,a.akamaiedge.net
729,bidder.criteo.com
730,cdn.whatsapp.net
731,appsforoffice.microsoft.com
732,bttrack.com
733,flashtalking.com
734,usertrust.com
735,s.pinimg.com
736,exelator.com
737,history.google.com
738,skydrive.wns.windows.com
739,ad.turn.com
740,cdn.optimizely.com
741,unitedstates.smartscreen-prod.microsoft.com
742,cf-st.sc-cdn.net
743,srtb.msn.com
744,onetag-sys.com
745,gumgum.com
746,us.criteo.net
747,static.xx.fbcdn.net
748,sync.crwdcntrl.net
749,mqtt-mini.facebook.com
750,evoke-windowsservices-tas.msedge.net
751,aad.cs.dds.microsoft.com
752,s.youtube.com
753,ci5.googleusercontent.com
754,bcp.crwdcntrl.net
755,unpkg.com
756,googlehosted.l.googleusercontent.com
757,query.yahoo.com
758,iadsdk.apple.com
759,fw.adsafeprotected.com
760,passwordsleakcheck-pa.googleapis.com
761,app.launchdarkly.com
762,pm.w55c.net
763,ip.goguardian.com
764,zoom.us
765,app.snapchat.com
766,ci6.googleusercontent.com
767,w.org
768,s.w.org
769,p13n.adobe.io
770,c10r.instagram.com
771,ci4.googleusercontent.com
772,api.rlcdn.com
773,deff.nelreports.net
774,commnat-main-gc.ess.apple.com
775,servedby.flashtalking.com
776,tr.snapchat.com
777,nav.smartscreen.microsoft.com
778,services.visualstudio.com
779,rapid7.com
780,dc.services.visualstudio.com
781,snat.goguardian.com
782,iad-01.braze.com
783,vars.hotjar.com
784,omnitagjs.com
785,tribalfusion.com
786,westus.cloudapp.azure.com
787,sdk.iad-01.braze.com
788,commnat-cohort-gc.ess.apple.com
789,cl2.apple.com
790,mozilla.com
791,services.mozilla.com
792,treatment.grammarly.com
793,ct.pinterest.com
794,us-east4-gcp.api.snapchat.com
795,instagram.c10r.instagram.com
796,appsitemsuggest-pa.googleapis.com
797,data.pendo.io
798,unrulymedia.com
799,xp.itunes-apple.com.akadns.net
800,cdn.pendo.io
801,endpoint.ingress.rapid7.com
802,ingress.rapid7.com
803,sync.outbrain.com
804,apple-cloudkit.com
805,worldaz.relay.teams.microsoft.com
806,targeting.unrulymedia.com
807,gsp10-ssl.apple.com
808,ssl-images-amazon.com
809,safebrowsing-proxy.g.aaplimg.com
810,waluigi.goguardian.com
811,translate.googleapis.com
812,analytics.tiktok.com
813,duplex.snapchat.com
814,aws.duplex.snapchat.com
815,a.tribalfusion.com
816,webex.com
817,api.apple-cloudkit.com
818,accountcapabilities-pa.googleapis.com
819,um.simpli.fi
820,inquisition.goguardian.com
821,amp-api-edge.apps.apple.com
822,news.apple-dns.net
823,accounts.youtube.com
824,ipredictive.com
825,mfadsrvr.com
826,api3.cc.skype.com
827,pixel-us-east.rubiconproject.com
828,pubgw.yahoo.com
829,ecn.dev.virtualearth.net
830,cms.analytics.yahoo.com
831,drive-thirdparty.googleusercontent.com
832,technoratimedia.com
833,dscg.akamaiedge.net
834,beap-bc.yahoo.com
835,rules.quantcount.com
836,outlookmobile-office365-tas.msedge.net
837,ssbsync.smartadserver.com
838,api-global.netflix.com
839,ce.lijit.com
840,swallow.apple.com
841,gsas.apple.com
842,image4.pubmatic.com
843,login.windows.net
844,metaservices.microsoft.com
845,moatpixel.com
846,s.moatpixel.com
847,c2shb.pubgw.yahoo.com
848,a-mo.net
849,android-context-data.googleapis.com
850,g.akamaiedge.net
851,use.fontawesome.com
852,lb-apple.com.akadns.net
853,buy.itunes-apple.com.akadns.net
854,gs-loc.ls-apple.com.akadns.net
855,stripe.com
856,dmd.metaservices.microsoft.com
857,a2z.com
858,loopme.me
859,mail-ads.google.com
860,deepintent.com
861,mask-h2.icloud.com
862,csync.loopme.me
863,dscw154.akamai.net
864,windows.msn.com
865,reddit.com
866,company-target.com
867,fp.msedge.net
868,match.deepintent.com
869,instructure.com
870,fs.microsoft.com
871,cloudsearch.googleapis.com
872,client-api.itunes.apple.com
873,dit.whatsapp.net
874,valid.apple.com
875,images-na.ssl-images-amazon.com
876,nrdp.prod.ftl.netflix.com
877,prebid.a-mo.net
878,redirector.googlevideo.com
879,rtb.mfadsrvr.com
880,image2.pubmatic.com
881,ttlivecdn.com
882,centralus.cloudapp.azure.com
883,adjust.com
884,fcdn.us.tiktokv.com
885,idsync.analytics.yahoo.com
886,btlr.sharethrough.com
887,partner.googleadservices.com
888,myanalytics.cdn.office.net
889,agave.myanalytics.cdn.office.net
890,secure-assets.rubiconproject.com
891,aax.amazon-adsystem.com
892,tt.omtrdc.net
893,r.bing.com
894,countvoncount.goguardian.com
895,yahoodns.net
896,aax-us-east.amazon-adsystem.com
897,sc-static.net
898,sync.go.sonobi.com
899,grid.bidswitch.net
900,dlx.addthis.com
901,service.idsync.analytics.yahoo.com
902,prebid-server.rubiconproject.com
903,admanmedia.com
904,godaddy.com
905,doh.opendns.com
906,secure.quantserve.com
907,ocsp.usertrust.com
908,ssc-cms.33across.com
909,pusher.com
910,gspe19-ssl.ls.apple.com
911,kv601.prod.do.dsp.mp.microsoft.com
912,amcdn.msftauth.net
913,global.fastly.net
914,unitedstates.smartscreen.microsoft.com
915,postrelease.com
916,eyeota.net
917,ps.eyeota.net
918,sync.ipredictive.com
919,mail.yahoo.com
920,apresolve.spotify.com
921,dscb.akamaiedge.net
922,notify.adobe.io
923,b-graph.facebook.com
924,wbx2.com
925,gcdn.2mdn.net
926,visitor.omnitagjs.com
927,weather-edge.news.apple-dns.net
928,internal
929,hicloud.com
930,playatoms-pa.googleapis.com
931,c.2mdn.net
932,dyntrk.com
933,btloader.com
934,cl4.apple.com
935,r.manage.microsoft.com
936,peoplestack-pa.googleapis.com
937,cs.admanmedia.com
938,com.edgekey.net
939,fb.com
940,fmfmobile.fe.apple-dns.net
941,googleoptimize.com
942,www.googleoptimize.com
943,pixel.mathtag.com
944,rkdms.com
945,sync.taboola.com
946,tiqcdn.com
947,js7k.com
948,cdn.js7k.com
949,crl.comodoca.com
950,odr.mookie1.com
951,tags.tiqcdn.com
952,qualtrics.com
953,portal.fb.com
954,storequality.microsoft.com
955,storecatalogrevocation.storequality.microsoft.com
956,sb-ssl.google.com
957,cdn-apple.com.akadns.net
958,socdm.com
959,inmobi.com
960,owneriq.net
961,contacts.fe.apple-dns.net
962,push-apple.com.akadns.net
963,musicstatus.itunes.apple.com
964,pubsub.googleapis.com
965,gdmf.apple.com
966,cdn.branch.io
967,stocks-data-service.lb-apple.com.akadns.net
968,px.owneriq.net
969,cdn.id5-sync.com
970,google.internal
971,tg.socdm.com
972,config.fp.measure.office.com
973,metadata.google.internal
974,youtube-ui.l.google.com
975,pull-cmaf-f58-sg01.tiktokcdn.com
976,giphy.com
977,tags.crwdcntrl.net
978,pull-w5-sg01.tiktokcdn.com
979,segment.io
980,pull-cmaf-f16-sg01.tiktokcdn.com
981,jadserve.postrelease.com
982,cloudflareinsights.com
983,pull-a5-gcp01.tiktokcdn.com
984,e2ro.com
985,scontent.cdninstagram.com
986,pull-f5-va01.tiktokcdn.com
987,pull-w5-va01.tiktokcdn.com
988,pull-o5-sg01.tiktokcdn.com
989,siteintercept.qualtrics.com
990,pull-f5-tt01.tiktokcdn.com
991,pull-q5-sg01.tiktokcdn.com
992,pull-cmaf-l16-tt01.tiktokcdn-us.com
993,pd.itunes.apple.com
994,star-mini.c10r.facebook.com
995,p16-sign-va.tiktokcdn.com
996,pull-f5-sg01.ttlivecdn.com
997,pull-q5-va01.tiktokcdn.com
998,pull-cmaf-f16-va01.tiktokcdn.com
999,iphone-ld.origin-apple.com.akadns.net
1000,static.cloudflareinsights.com
